Domain Code,Domain,Area Code (M49),Area,Element Code,Element,Item,Year Code,Year,Unit,Value,Flag,Flag Description,Note
QCL,Crops and livestock products,818,Egypt,5424,Yield/Carcass Weight,"Meat of chickens, fresh or chilled",2014,2014,g/An,1442,A,Official figure,
QCL,Crops and livestock products,818,Egypt,5510,Production,"Meat of chickens, fresh or chilled",2014,2014,t,1035000,A,Official figure,
QCL,Crops and livestock products,818,Egypt,5321,Producing Animals/Slaughtered,"Meat of chickens, fresh or chilled",2014,2014,1000 An,717665,A,Official figure,
QCL,Crops and livestock products,818,Egypt,5424,Yield/Carcass Weight,"Meat of chickens, fresh or chilled",2015,2015,g/An,1448,A,Official figure,
QCL,Crops and livestock products,818,Egypt,5510,Production,"Meat of chickens, fresh or chilled",2015,2015,t,1027603,A,Official figure,
QCL,Crops and livestock products,818,Egypt,5321,Producing Animals/Slaughtered,"Meat of chickens, fresh or chilled",2015,2015,1000 An,709778,A,Official figure,
QCL,Crops and livestock products,818,Egypt,5424,Yield/Carcass Weight,"Meat of chickens, fresh or chilled",2016,2016,g/An,1122,A,Official figure,
QCL,Crops and livestock products,818,Egypt,5510,Production,"Meat of chickens, fresh or chilled",2016,2016,t,1007092,A,Official figure,
QCL,Crops and livestock products,818,Egypt,5321,Producing Animals/Slaughtered,"Meat of chickens, fresh or chilled",2016,2016,1000 An,897197,A,Official figure,
QCL,Crops and livestock products,818,Egypt,5424,Yield/Carcass Weight,"Meat of chickens, fresh or chilled",2017,2017,g/An,1477,A,Official figure,
QCL,Crops and livestock products,818,Egypt,5510,Production,"Meat of chickens, fresh or chilled",2017,2017,t,1302922,A,Official figure,
QCL,Crops and livestock products,818,Egypt,5321,Producing Animals/Slaughtered,"Meat of chickens, fresh or chilled",2017,2017,1000 An,882320,A,Official figure,
QCL,Crops and livestock products,818,Egypt,5424,Yield/Carcass Weight,"Meat of chickens, fresh or chilled",2018,2018,g/An,1478,A,Official figure,
QCL,Crops and livestock products,818,Egypt,5510,Production,"Meat of chickens, fresh or chilled",2018,2018,t,1324327,A,Official figure,
QCL,Crops and livestock products,818,Egypt,5321,Producing Animals/Slaughtered,"Meat of chickens, fresh or chilled",2018,2018,1000 An,895794,A,Official figure,
QCL,Crops and livestock products,818,Egypt,5424,Yield/Carcass Weight,"Meat of chickens, fresh or chilled",2019,2019,g/An,1240,A,Official figure,
QCL,Crops and livestock products,818,Egypt,5510,Production,"Meat of chickens, fresh or chilled",2019,2019,t,1542000,A,Official figure,
QCL,Crops and livestock products,818,Egypt,5321,Producing Animals/Slaughtered,"Meat of chickens, fresh or chilled",2019,2019,1000 An,1243942,A,Official figure,
QCL,Crops and livestock products,818,Egypt,5424,Yield/Carcass Weight,"Meat of chickens, fresh or chilled",2020,2020,g/An,1406,A,Official figure,
QCL,Crops and livestock products,818,Egypt,5510,Production,"Meat of chickens, fresh or chilled",2020,2020,t,2034000,A,Official figure,
QCL,Crops and livestock products,818,Egypt,5321,Producing Animals/Slaughtered,"Meat of chickens, fresh or chilled",2020,2020,1000 An,1446332,A,Official figure,
QCL,Crops and livestock products,818,Egypt,5424,Yield/Carcass Weight,"Meat of chickens, fresh or chilled",2021,2021,g/An,1513,A,Official figure,
QCL,Crops and livestock products,818,Egypt,5510,Production,"Meat of chickens, fresh or chilled",2021,2021,t,2403000,A,Official figure,
QCL,Crops and livestock products,818,Egypt,5321,Producing Animals/Slaughtered,"Meat of chickens, fresh or chilled",2021,2021,1000 An,1588358,A,Official figure,
QCL,Crops and livestock products,818,Egypt,5424,Yield/Carcass Weight,"Meat of chickens, fresh or chilled",2022,2022,g/An,1244,A,Official figure,
QCL,Crops and livestock products,818,Egypt,5510,Production,"Meat of chickens, fresh or chilled",2022,2022,t,1940000,A,Official figure,
QCL,Crops and livestock products,818,Egypt,5321,Producing Animals/Slaughtered,"Meat of chickens, fresh or chilled",2022,2022,1000 An,1559974,A,Official figure,
QCL,Crops and livestock products,818,Egypt,5424,Yield/Carcass Weight,"Meat of chickens, fresh or chilled",2023,2023,g/An,1356,E,Estimated value,
QCL,Crops and livestock products,818,Egypt,5510,Production,"Meat of chickens, fresh or chilled",2023,2023,t,2077267.77,I,Imputed value,
QCL,Crops and livestock products,818,Egypt,5321,Producing Animals/Slaughtered,"Meat of chickens, fresh or chilled",2023,2023,1000 An,1531555,E,Estimated value,
QCL,Crops and livestock products,818,Egypt,5412,Yield,Rice,2014,2014,kg/ha,9530,A,Official figure,
QCL,Crops and livestock products,818,Egypt,5510,Production,Rice,2014,2014,t,5467392,A,Official figure,
QCL,Crops and livestock products,818,Egypt,5412,Yield,Rice,2015,2015,kg/ha,9431.2,A,Official figure,
QCL,Crops and livestock products,818,Egypt,5510,Production,Rice,2015,2015,t,4817964,A,Official figure,
QCL,Crops and livestock products,818,Egypt,5412,Yield,Rice,2016,2016,kg/ha,9335.3,A,Official figure,
QCL,Crops and livestock products,818,Egypt,5510,Production,Rice,2016,2016,t,5308873,A,Official figure,
QCL,Crops and livestock products,818,Egypt,5412,Yield,Rice,2017,2017,kg/ha,9024.5,A,Official figure,
QCL,Crops and livestock products,818,Egypt,5510,Production,Rice,2017,2017,t,4960662,A,Official figure,
QCL,Crops and livestock products,818,Egypt,5412,Yield,Rice,2018,2018,kg/ha,8651.1,A,Official figure,
QCL,Crops and livestock products,818,Egypt,5510,Production,Rice,2018,2018,t,3123708,A,Official figure,
QCL,Crops and livestock products,818,Egypt,5412,Yield,Rice,2019,2019,kg/ha,8758.2,A,Official figure,
QCL,Crops and livestock products,818,Egypt,5510,Production,Rice,2019,2019,t,4804296,A,Official figure,
QCL,Crops and livestock products,818,Egypt,5412,Yield,Rice,2020,2020,kg/ha,9620.3,A,Official figure,
QCL,Crops and livestock products,818,Egypt,5510,Production,Rice,2020,2020,t,4804000,A,Official figure,
QCL,Crops and livestock products,818,Egypt,5412,Yield,Rice,2021,2021,kg/ha,9137.5,A,Official figure,
QCL,Crops and livestock products,818,Egypt,5510,Production,Rice,2021,2021,t,4241894,A,Official figure,
QCL,Crops and livestock products,818,Egypt,5412,Yield,Rice,2022,2022,kg/ha,8904.8,A,Official figure,
QCL,Crops and livestock products,818,Egypt,5510,Production,Rice,2022,2022,t,4300578,A,Official figure,
QCL,Crops and livestock products,818,Egypt,5412,Yield,Rice,2023,2023,kg/ha,8715.9,E,Estimated value,
QCL,Crops and livestock products,818,Egypt,5510,Production,Rice,2023,2023,t,5600000,X,Figure from international organizations,Unofficial figure
QCL,Crops and livestock products,231,Ethiopia,5424,Yield/Carcass Weight,"Meat of chickens, fresh or chilled",2014,2014,g/An,800,E,Estimated value,
QCL,Crops and livestock products,231,Ethiopia,5510,Production,"Meat of chickens, fresh or chilled",2014,2014,t,68809.48,I,Imputed value,
QCL,Crops and livestock products,231,Ethiopia,5321,Producing Animals/Slaughtered,"Meat of chickens, fresh or chilled",2014,2014,1000 An,86012,I,Imputed value,
QCL,Crops and livestock products,231,Ethiopia,5424,Yield/Carcass Weight,"Meat of chickens, fresh or chilled",2015,2015,g/An,800,E,Estimated value,
QCL,Crops and livestock products,231,Ethiopia,5510,Production,"Meat of chickens, fresh or chilled",2015,2015,t,73271.89,I,Imputed value,
QCL,Crops and livestock products,231,Ethiopia,5321,Producing Animals/Slaughtered,"Meat of chickens, fresh or chilled",2015,2015,1000 An,91590,I,Imputed value,
QCL,Crops and livestock products,231,Ethiopia,5424,Yield/Carcass Weight,"Meat of chickens, fresh or chilled",2016,2016,g/An,800,E,Estimated value,
QCL,Crops and livestock products,231,Ethiopia,5510,Production,"Meat of chickens, fresh or chilled",2016,2016,t,71930.92,I,Imputed value,
QCL,Crops and livestock products,231,Ethiopia,5321,Producing Animals/Slaughtered,"Meat of chickens, fresh or chilled",2016,2016,1000 An,89913,I,Imputed value,
QCL,Crops and livestock products,231,Ethiopia,5424,Yield/Carcass Weight,"Meat of chickens, fresh or chilled",2017,2017,g/An,800,E,Estimated value,
QCL,Crops and livestock products,231,Ethiopia,5510,Production,"Meat of chickens, fresh or chilled",2017,2017,t,67382.55,I,Imputed value,
QCL,Crops and livestock products,231,Ethiopia,5321,Producing Animals/Slaughtered,"Meat of chickens, fresh or chilled",2017,2017,1000 An,84228,I,Imputed value,
QCL,Crops and livestock products,231,Ethiopia,5424,Yield/Carcass Weight,"Meat of chickens, fresh or chilled",2018,2018,g/An,800,E,Estimated value,
QCL,Crops and livestock products,231,Ethiopia,5510,Production,"Meat of chickens, fresh or chilled",2018,2018,t,71091.56,I,Imputed value,
QCL,Crops and livestock products,231,Ethiopia,5321,Producing Animals/Slaughtered,"Meat of chickens, fresh or chilled",2018,2018,1000 An,88864,I,Imputed value,
QCL,Crops and livestock products,231,Ethiopia,5424,Yield/Carcass Weight,"Meat of chickens, fresh or chilled",2019,2019,g/An,800,E,Estimated value,
QCL,Crops and livestock products,231,Ethiopia,5510,Production,"Meat of chickens, fresh or chilled",2019,2019,t,58273.34,I,Imputed value,
QCL,Crops and livestock products,231,Ethiopia,5321,Producing Animals/Slaughtered,"Meat of chickens, fresh or chilled",2019,2019,1000 An,72841,I,Imputed value,
QCL,Crops and livestock products,231,Ethiopia,5424,Yield/Carcass Weight,"Meat of chickens, fresh or chilled",2020,2020,g/An,800,E,Estimated value,
QCL,Crops and livestock products,231,Ethiopia,5510,Production,"Meat of chickens, fresh or chilled",2020,2020,t,67555.34,I,Imputed value,
QCL,Crops and livestock products,231,Ethiopia,5321,Producing Animals/Slaughtered,"Meat of chickens, fresh or chilled",2020,2020,1000 An,84444,I,Imputed value,
QCL,Crops and livestock products,231,Ethiopia,5424,Yield/Carcass Weight,"Meat of chickens, fresh or chilled",2021,2021,g/An,800,E,Estimated value,
QCL,Crops and livestock products,231,Ethiopia,5510,Production,"Meat of chickens, fresh or chilled",2021,2021,t,48808.79,I,Imputed value,
QCL,Crops and livestock products,231,Ethiopia,5321,Producing Animals/Slaughtered,"Meat of chickens, fresh or chilled",2021,2021,1000 An,61011,I,Imputed value,
QCL,Crops and livestock products,231,Ethiopia,5424,Yield/Carcass Weight,"Meat of chickens, fresh or chilled",2022,2022,g/An,800,E,Estimated value,
QCL,Crops and livestock products,231,Ethiopia,5510,Production,"Meat of chickens, fresh or chilled",2022,2022,t,55603.14,I,Imputed value,
QCL,Crops and livestock products,231,Ethiopia,5321,Producing Animals/Slaughtered,"Meat of chickens, fresh or chilled",2022,2022,1000 An,69504,I,Imputed value,
QCL,Crops and livestock products,231,Ethiopia,5424,Yield/Carcass Weight,"Meat of chickens, fresh or chilled",2023,2023,g/An,800,E,Estimated value,
QCL,Crops and livestock products,231,Ethiopia,5510,Production,"Meat of chickens, fresh or chilled",2023,2023,t,64342.25,I,Imputed value,
QCL,Crops and livestock products,231,Ethiopia,5321,Producing Animals/Slaughtered,"Meat of chickens, fresh or chilled",2023,2023,1000 An,80427,I,Imputed value,
QCL,Crops and livestock products,231,Ethiopia,5412,Yield,Rice,2014,2014,kg/ha,2814.8,A,Official figure,
QCL,Crops and livestock products,231,Ethiopia,5510,Production,Rice,2014,2014,t,131821,A,Official figure,
QCL,Crops and livestock products,231,Ethiopia,5412,Yield,Rice,2015,2015,kg/ha,3075.2,A,Official figure,
QCL,Crops and livestock products,231,Ethiopia,5510,Production,Rice,2015,2015,t,139780.14,A,Official figure,
QCL,Crops and livestock products,231,Ethiopia,5412,Yield,Rice,2016,2016,kg/ha,2808.9,A,Official figure,
QCL,Crops and livestock products,231,Ethiopia,5510,Production,Rice,2016,2016,t,136001,A,Official figure,
QCL,Crops and livestock products,231,Ethiopia,5412,Yield,Rice,2017,2017,kg/ha,2843.7,A,Official figure,
QCL,Crops and livestock products,231,Ethiopia,5510,Production,Rice,2017,2017,t,151018.33,A,Official figure,
QCL,Crops and livestock products,231,Ethiopia,5412,Yield,Rice,2018,2018,kg/ha,2712.3,A,Official figure,
QCL,Crops and livestock products,231,Ethiopia,5510,Production,Rice,2018,2018,t,171854.1,A,Official figure,
QCL,Crops and livestock products,231,Ethiopia,5412,Yield,Rice,2019,2019,kg/ha,2963.6,A,Official figure,
QCL,Crops and livestock products,231,Ethiopia,5510,Production,Rice,2019,2019,t,170630.1,A,Official figure,
QCL,Crops and livestock products,231,Ethiopia,5412,Yield,Rice,2020,2020,kg/ha,3144.9,A,Official figure,
QCL,Crops and livestock products,231,Ethiopia,5510,Production,Rice,2020,2020,t,268223,A,Official figure,
QCL,Crops and livestock products,231,Ethiopia,5412,Yield,Rice,2021,2021,kg/ha,3079.8,A,Official figure,
QCL,Crops and livestock products,231,Ethiopia,5510,Production,Rice,2021,2021,t,280633,A,Official figure,
QCL,Crops and livestock products,231,Ethiopia,5412,Yield,Rice,2022,2022,kg/ha,3466.7,X,Figure from international organizations,
QCL,Crops and livestock products,231,Ethiopia,5510,Production,Rice,2022,2022,t,208000,X,Figure from international organizations,Unofficial figure
QCL,Crops and livestock products,231,Ethiopia,5412,Yield,Rice,2023,2023,kg/ha,3366.7,X,Figure from international organizations,
QCL,Crops and livestock products,231,Ethiopia,5510,Production,Rice,2023,2023,t,202000,X,Figure from international organizations,Unofficial figure
QCL,Crops and livestock products,404,Kenya,5412,Yield,"Cassava, fresh",2014,2014,kg/ha,13471.3,A,Official figure,
QCL,Crops and livestock products,404,Kenya,5510,Production,"Cassava, fresh",2014,2014,t,858461,A,Official figure,
QCL,Crops and livestock products,404,Kenya,5412,Yield,"Cassava, fresh",2015,2015,kg/ha,14098.7,A,Official figure,
QCL,Crops and livestock products,404,Kenya,5510,Production,"Cassava, fresh",2015,2015,t,709926,A,Official figure,
QCL,Crops and livestock products,404,Kenya,5412,Yield,"Cassava, fresh",2016,2016,kg/ha,12288.6,A,Official figure,
QCL,Crops and livestock products,404,Kenya,5510,Production,"Cassava, fresh",2016,2016,t,571848,A,Official figure,
QCL,Crops and livestock products,404,Kenya,5412,Yield,"Cassava, fresh",2017,2017,kg/ha,11541.3,A,Official figure,
QCL,Crops and livestock products,404,Kenya,5510,Production,"Cassava, fresh",2017,2017,t,789830,A,Official figure,
QCL,Crops and livestock products,404,Kenya,5412,Yield,"Cassava, fresh",2018,2018,kg/ha,15359,A,Official figure,
QCL,Crops and livestock products,404,Kenya,5510,Production,"Cassava, fresh",2018,2018,t,945990.91,A,Official figure,
QCL,Crops and livestock products,404,Kenya,5412,Yield,"Cassava, fresh",2019,2019,kg/ha,14176.5,A,Official figure,
QCL,Crops and livestock products,404,Kenya,5510,Production,"Cassava, fresh",2019,2019,t,845342,A,Official figure,
QCL,Crops and livestock products,404,Kenya,5412,Yield,"Cassava, fresh",2020,2020,kg/ha,14358.9,A,Official figure,
QCL,Crops and livestock products,404,Kenya,5510,Production,"Cassava, fresh",2020,2020,t,886722.31,A,Official figure,
QCL,Crops and livestock products,404,Kenya,5412,Yield,"Cassava, fresh",2021,2021,kg/ha,11632,A,Official figure,
QCL,Crops and livestock products,404,Kenya,5510,Production,"Cassava, fresh",2021,2021,t,711890,A,Official figure,
QCL,Crops and livestock products,404,Kenya,5412,Yield,"Cassava, fresh",2022,2022,kg/ha,15049.8,A,Official figure,
QCL,Crops and livestock products,404,Kenya,5510,Production,"Cassava, fresh",2022,2022,t,1087300,A,Official figure,
QCL,Crops and livestock products,404,Kenya,5412,Yield,"Cassava, fresh",2023,2023,kg/ha,15626.5,A,Official figure,
QCL,Crops and livestock products,404,Kenya,5510,Production,"Cassava, fresh",2023,2023,t,1187800,A,Official figure,
QCL,Crops and livestock products,404,Kenya,5424,Yield/Carcass Weight,"Meat of chickens, fresh or chilled",2014,2014,g/An,1396,E,Estimated value,
QCL,Crops and livestock products,404,Kenya,5510,Production,"Meat of chickens, fresh or chilled",2014,2014,t,22000,A,Official figure,
QCL,Crops and livestock products,404,Kenya,5321,Producing Animals/Slaughtered,"Meat of chickens, fresh or chilled",2014,2014,1000 An,15761,I,Imputed value,
QCL,Crops and livestock products,404,Kenya,5424,Yield/Carcass Weight,"Meat of chickens, fresh or chilled",2015,2015,g/An,1375,E,Estimated value,
QCL,Crops and livestock products,404,Kenya,5510,Production,"Meat of chickens, fresh or chilled",2015,2015,t,33000,A,Official figure,
QCL,Crops and livestock products,404,Kenya,5321,Producing Animals/Slaughtered,"Meat of chickens, fresh or chilled",2015,2015,1000 An,24000,E,Estimated value,
QCL,Crops and livestock products,404,Kenya,5424,Yield/Carcass Weight,"Meat of chickens, fresh or chilled",2016,2016,g/An,1391,E,Estimated value,
QCL,Crops and livestock products,404,Kenya,5510,Production,"Meat of chickens, fresh or chilled",2016,2016,t,64000,A,Official figure,
QCL,Crops and livestock products,404,Kenya,5321,Producing Animals/Slaughtered,"Meat of chickens, fresh or chilled",2016,2016,1000 An,46000,E,Estimated value,
QCL,Crops and livestock products,404,Kenya,5424,Yield/Carcass Weight,"Meat of chickens, fresh or chilled",2017,2017,g/An,1401,E,Estimated value,
QCL,Crops and livestock products,404,Kenya,5510,Production,"Meat of chickens, fresh or chilled",2017,2017,t,106473,A,Official figure,
QCL,Crops and livestock products,404,Kenya,5321,Producing Animals/Slaughtered,"Meat of chickens, fresh or chilled",2017,2017,1000 An,76000,E,Estimated value,
QCL,Crops and livestock products,404,Kenya,5424,Yield/Carcass Weight,"Meat of chickens, fresh or chilled",2018,2018,g/An,1401,E,Estimated value,
QCL,Crops and livestock products,404,Kenya,5510,Production,"Meat of chickens, fresh or chilled",2018,2018,t,131682.54,A,Official figure,
QCL,Crops and livestock products,404,Kenya,5321,Producing Animals/Slaughtered,"Meat of chickens, fresh or chilled",2018,2018,1000 An,94000,E,Estimated value,
QCL,Crops and livestock products,404,Kenya,5424,Yield/Carcass Weight,"Meat of chickens, fresh or chilled",2019,2019,g/An,1408,E,Estimated value,
QCL,Crops and livestock products,404,Kenya,5510,Production,"Meat of chickens, fresh or chilled",2019,2019,t,88718.66,A,Official figure,
QCL,Crops and livestock products,404,Kenya,5321,Producing Animals/Slaughtered,"Meat of chickens, fresh or chilled",2019,2019,1000 An,63000,E,Estimated value,
QCL,Crops and livestock products,404,Kenya,5424,Yield/Carcass Weight,"Meat of chickens, fresh or chilled",2020,2020,g/An,1400,A,Official figure,
QCL,Crops and livestock products,404,Kenya,5510,Production,"Meat of chickens, fresh or chilled",2020,2020,t,69212.23,A,Official figure,
QCL,Crops and livestock products,404,Kenya,5321,Producing Animals/Slaughtered,"Meat of chickens, fresh or chilled",2020,2020,1000 An,49437,A,Official figure,
QCL,Crops and livestock products,404,Kenya,5424,Yield/Carcass Weight,"Meat of chickens, fresh or chilled",2021,2021,g/An,1400,A,Official figure,
QCL,Crops and livestock products,404,Kenya,5510,Production,"Meat of chickens, fresh or chilled",2021,2021,t,89450,A,Official figure,
QCL,Crops and livestock products,404,Kenya,5321,Producing Animals/Slaughtered,"Meat of chickens, fresh or chilled",2021,2021,1000 An,63893,A,Official figure,
QCL,Crops and livestock products,404,Kenya,5424,Yield/Carcass Weight,"Meat of chickens, fresh or chilled",2022,2022,g/An,1400,A,Official figure,
QCL,Crops and livestock products,404,Kenya,5510,Production,"Meat of chickens, fresh or chilled",2022,2022,t,93340,A,Official figure,
QCL,Crops and livestock products,404,Kenya,5321,Producing Animals/Slaughtered,"Meat of chickens, fresh or chilled",2022,2022,1000 An,66672,A,Official figure,
QCL,Crops and livestock products,404,Kenya,5424,Yield/Carcass Weight,"Meat of chickens, fresh or chilled",2023,2023,g/An,1400,A,Official figure,
QCL,Crops and livestock products,404,Kenya,5510,Production,"Meat of chickens, fresh or chilled",2023,2023,t,93622,A,Official figure,
QCL,Crops and livestock products,404,Kenya,5321,Producing Animals/Slaughtered,"Meat of chickens, fresh or chilled",2023,2023,1000 An,66873,A,Official figure,
QCL,Crops and livestock products,404,Kenya,5412,Yield,Rice,2014,2014,kg/ha,3954.3,A,Official figure,
QCL,Crops and livestock products,404,Kenya,5510,Production,Rice,2014,2014,t,112263,A,Official figure,
QCL,Crops and livestock products,404,Kenya,5412,Yield,Rice,2015,2015,kg/ha,3956.6,A,Official figure,
QCL,Crops and livestock products,404,Kenya,5510,Production,Rice,2015,2015,t,116473,A,Official figure,
QCL,Crops and livestock products,404,Kenya,5412,Yield,Rice,2016,2016,kg/ha,3460.1,A,Official figure,
QCL,Crops and livestock products,404,Kenya,5510,Production,Rice,2016,2016,t,101510,A,Official figure,
QCL,Crops and livestock products,404,Kenya,5412,Yield,Rice,2017,2017,kg/ha,2671.7,A,Official figure,
QCL,Crops and livestock products,404,Kenya,5510,Production,Rice,2017,2017,t,81198,A,Official figure,
QCL,Crops and livestock products,404,Kenya,5412,Yield,Rice,2018,2018,kg/ha,4336.7,A,Official figure,
QCL,Crops and livestock products,404,Kenya,5510,Production,Rice,2018,2018,t,112605,A,Official figure,
QCL,Crops and livestock products,404,Kenya,5412,Yield,Rice,2019,2019,kg/ha,6425.5,A,Official figure,
QCL,Crops and livestock products,404,Kenya,5510,Production,Rice,2019,2019,t,160585,A,Official figure,
QCL,Crops and livestock products,404,Kenya,5412,Yield,Rice,2020,2020,kg/ha,6397.3,A,Official figure,
QCL,Crops and livestock products,404,Kenya,5510,Production,Rice,2020,2020,t,180890,A,Official figure,
QCL,Crops and livestock products,404,Kenya,5412,Yield,Rice,2021,2021,kg/ha,5807.4,A,Official figure,
QCL,Crops and livestock products,404,Kenya,5510,Production,Rice,2021,2021,t,186000,A,Official figure,
QCL,Crops and livestock products,404,Kenya,5412,Yield,Rice,2022,2022,kg/ha,4345.2,A,Official figure,
QCL,Crops and livestock products,404,Kenya,5510,Production,Rice,2022,2022,t,192299,A,Official figure,
QCL,Crops and livestock products,404,Kenya,5412,Yield,Rice,2023,2023,kg/ha,5882.6,A,Official figure,
QCL,Crops and livestock products,404,Kenya,5510,Production,Rice,2023,2023,t,229064,A,Official figure,
QCL,Crops and livestock products,566,Nigeria,5412,Yield,"Cassava, fresh",2014,2014,kg/ha,7655.4,A,Official figure,
QCL,Crops and livestock products,566,Nigeria,5510,Production,"Cassava, fresh",2014,2014,t,54324700,A,Official figure,
QCL,Crops and livestock products,566,Nigeria,5412,Yield,"Cassava, fresh",2015,2015,kg/ha,7265.9,A,Official figure,
QCL,Crops and livestock products,566,Nigeria,5510,Production,"Cassava, fresh",2015,2015,t,57405060,A,Official figure,
QCL,Crops and livestock products,566,Nigeria,5412,Yield,"Cassava, fresh",2016,2016,kg/ha,9076.3,A,Official figure,
QCL,Crops and livestock products,566,Nigeria,5510,Production,"Cassava, fresh",2016,2016,t,60529864,A,Official figure,
QCL,Crops and livestock products,566,Nigeria,5412,Yield,"Cassava, fresh",2017,2017,kg/ha,9073.7,A,Official figure,
QCL,Crops and livestock products,566,Nigeria,5510,Production,"Cassava, fresh",2017,2017,t,61350199,A,Official figure,
QCL,Crops and livestock products,566,Nigeria,5412,Yield,"Cassava, fresh",2018,2018,kg/ha,9403.8,A,Official figure,
QCL,Crops and livestock products,566,Nigeria,5510,Production,"Cassava, fresh",2018,2018,t,65350850,A,Official figure,
QCL,Crops and livestock products,566,Nigeria,5412,Yield,"Cassava, fresh",2019,2019,kg/ha,5827.1,A,Official figure,
QCL,Crops and livestock products,566,Nigeria,5510,Production,"Cassava, fresh",2019,2019,t,56969160,A,Official figure,
QCL,Crops and livestock products,566,Nigeria,5412,Yield,"Cassava, fresh",2020,2020,kg/ha,5779.5,A,Official figure,
QCL,Crops and livestock products,566,Nigeria,5510,Production,"Cassava, fresh",2020,2020,t,55565610,A,Official figure,
QCL,Crops and livestock products,566,Nigeria,5412,Yield,"Cassava, fresh",2021,2021,kg/ha,5835.8,A,Official figure,
QCL,Crops and livestock products,566,Nigeria,5510,Production,"Cassava, fresh",2021,2021,t,58237500,A,Official figure,
QCL,Crops and livestock products,566,Nigeria,5412,Yield,"Cassava, fresh",2022,2022,kg/ha,6014.5,E,Estimated value,
QCL,Crops and livestock products,566,Nigeria,5510,Production,"Cassava, fresh",2022,2022,t,61015339.21,I,Imputed value,
QCL,Crops and livestock products,566,Nigeria,5412,Yield,"Cassava, fresh",2023,2023,kg/ha,6345.9,E,Estimated value,
QCL,Crops and livestock products,566,Nigeria,5510,Production,"Cassava, fresh",2023,2023,t,62690091.19,E,Estimated value,
QCL,Crops and livestock products,566,Nigeria,5424,Yield/Carcass Weight,"Meat of chickens, fresh or chilled",2014,2014,g/An,1000,E,Estimated value,
QCL,Crops and livestock products,566,Nigeria,5510,Production,"Meat of chickens, fresh or chilled",2014,2014,t,196349.98,I,Imputed value,
QCL,Crops and livestock products,566,Nigeria,5321,Producing Animals/Slaughtered,"Meat of chickens, fresh or chilled",2014,2014,1000 An,196350,I,Imputed value,
QCL,Crops and livestock products,566,Nigeria,5424,Yield/Carcass Weight,"Meat of chickens, fresh or chilled",2015,2015,g/An,1000,E,Estimated value,
QCL,Crops and livestock products,566,Nigeria,5510,Production,"Meat of chickens, fresh or chilled",2015,2015,t,204416.27,I,Imputed value,
QCL,Crops and livestock products,566,Nigeria,5321,Producing Animals/Slaughtered,"Meat of chickens, fresh or chilled",2015,2015,1000 An,204416,I,Imputed value,
QCL,Crops and livestock products,566,Nigeria,5424,Yield/Carcass Weight,"Meat of chickens, fresh or chilled",2016,2016,g/An,1000,E,Estimated value,
QCL,Crops and livestock products,566,Nigeria,5510,Production,"Meat of chickens, fresh or chilled",2016,2016,t,240123.49,I,Imputed value,
QCL,Crops and livestock products,566,Nigeria,5321,Producing Animals/Slaughtered,"Meat of chickens, fresh or chilled",2016,2016,1000 An,240123,I,Imputed value,
QCL,Crops and livestock products,566,Nigeria,5424,Yield/Carcass Weight,"Meat of chickens, fresh or chilled",2017,2017,g/An,1000,E,Estimated value,
QCL,Crops and livestock products,566,Nigeria,5510,Production,"Meat of chickens, fresh or chilled",2017,2017,t,257728.95,I,Imputed value,
QCL,Crops and livestock products,566,Nigeria,5321,Producing Animals/Slaughtered,"Meat of chickens, fresh or chilled",2017,2017,1000 An,257729,I,Imputed value,
QCL,Crops and livestock products,566,Nigeria,5424,Yield/Carcass Weight,"Meat of chickens, fresh or chilled",2018,2018,g/An,1000,E,Estimated value,
QCL,Crops and livestock products,566,Nigeria,5510,Production,"Meat of chickens, fresh or chilled",2018,2018,t,274767.85,I,Imputed value,
QCL,Crops and livestock products,566,Nigeria,5321,Producing Animals/Slaughtered,"Meat of chickens, fresh or chilled",2018,2018,1000 An,274768,I,Imputed value,
QCL,Crops and livestock products,566,Nigeria,5424,Yield/Carcass Weight,"Meat of chickens, fresh or chilled",2019,2019,g/An,1000,E,Estimated value,
QCL,Crops and livestock products,566,Nigeria,5510,Production,"Meat of chickens, fresh or chilled",2019,2019,t,292993.4,I,Imputed value,
QCL,Crops and livestock products,566,Nigeria,5321,Producing Animals/Slaughtered,"Meat of chickens, fresh or chilled",2019,2019,1000 An,292993,I,Imputed value,
QCL,Crops and livestock products,566,Nigeria,5424,Yield/Carcass Weight,"Meat of chickens, fresh or chilled",2020,2020,g/An,1000,E,Estimated value,
QCL,Crops and livestock products,566,Nigeria,5510,Production,"Meat of chickens, fresh or chilled",2020,2020,t,318546.44,I,Imputed value,
QCL,Crops and livestock products,566,Nigeria,5321,Producing Animals/Slaughtered,"Meat of chickens, fresh or chilled",2020,2020,1000 An,318546,I,Imputed value,
QCL,Crops and livestock products,566,Nigeria,5424,Yield/Carcass Weight,"Meat of chickens, fresh or chilled",2021,2021,g/An,1000,E,Estimated value,
QCL,Crops and livestock products,566,Nigeria,5510,Production,"Meat of chickens, fresh or chilled",2021,2021,t,342332.94,I,Imputed value,
QCL,Crops and livestock products,566,Nigeria,5321,Producing Animals/Slaughtered,"Meat of chickens, fresh or chilled",2021,2021,1000 An,342333,I,Imputed value,
QCL,Crops and livestock products,566,Nigeria,5424,Yield/Carcass Weight,"Meat of chickens, fresh or chilled",2022,2022,g/An,1000,E,Estimated value,
QCL,Crops and livestock products,566,Nigeria,5510,Production,"Meat of chickens, fresh or chilled",2022,2022,t,355582.92,I,Imputed value,
QCL,Crops and livestock products,566,Nigeria,5321,Producing Animals/Slaughtered,"Meat of chickens, fresh or chilled",2022,2022,1000 An,355583,I,Imputed value,
QCL,Crops and livestock products,566,Nigeria,5424,Yield/Carcass Weight,"Meat of chickens, fresh or chilled",2023,2023,g/An,1000,E,Estimated value,
QCL,Crops and livestock products,566,Nigeria,5510,Production,"Meat of chickens, fresh or chilled",2023,2023,t,324135.98,I,Imputed value,
QCL,Crops and livestock products,566,Nigeria,5321,Producing Animals/Slaughtered,"Meat of chickens, fresh or chilled",2023,2023,1000 An,324136,I,Imputed value,
QCL,Crops and livestock products,566,Nigeria,5412,Yield,Rice,2014,2014,kg/ha,2160.9,A,Official figure,
QCL,Crops and livestock products,566,Nigeria,5510,Production,Rice,2014,2014,t,6690000,A,Official figure,
QCL,Crops and livestock products,566,Nigeria,5412,Yield,Rice,2015,2015,kg/ha,2074.2,A,Official figure,
QCL,Crops and livestock products,566,Nigeria,5510,Production,Rice,2015,2015,t,7573400,A,Official figure,
QCL,Crops and livestock products,566,Nigeria,5412,Yield,Rice,2016,2016,kg/ha,2003.7,A,Official figure,
QCL,Crops and livestock products,566,Nigeria,5510,Production,Rice,2016,2016,t,7812200,A,Official figure,
QCL,Crops and livestock products,566,Nigeria,5412,Yield,Rice,2017,2017,kg/ha,2081,A,Official figure,
QCL,Crops and livestock products,566,Nigeria,5510,Production,Rice,2017,2017,t,7835100,A,Official figure,
QCL,Crops and livestock products,566,Nigeria,5412,Yield,Rice,2018,2018,kg/ha,2067,A,Official figure,
QCL,Crops and livestock products,566,Nigeria,5510,Production,Rice,2018,2018,t,8403300,A,Official figure,
QCL,Crops and livestock products,566,Nigeria,5412,Yield,Rice,2019,2019,kg/ha,2044.1,A,Official figure,
QCL,Crops and livestock products,566,Nigeria,5510,Production,Rice,2019,2019,t,8435510,A,Official figure,
QCL,Crops and livestock products,566,Nigeria,5412,Yield,Rice,2020,2020,kg/ha,1947.9,A,Official figure,
QCL,Crops and livestock products,566,Nigeria,5510,Production,Rice,2020,2020,t,8171800,A,Official figure,
QCL,Crops and livestock products,566,Nigeria,5412,Yield,Rice,2021,2021,kg/ha,1931,A,Official figure,
QCL,Crops and livestock products,566,Nigeria,5510,Production,Rice,2021,2021,t,8342000,A,Official figure,
QCL,Crops and livestock products,566,Nigeria,5412,Yield,Rice,2022,2022,kg/ha,1856.3,A,Official figure,
QCL,Crops and livestock products,566,Nigeria,5510,Production,Rice,2022,2022,t,8502000,A,Official figure,
QCL,Crops and livestock products,566,Nigeria,5412,Yield,Rice,2023,2023,kg/ha,1974,A,Official figure,
QCL,Crops and livestock products,566,Nigeria,5510,Production,Rice,2023,2023,t,8902200,A,Official figure,
QCL,Crops and livestock products,646,Rwanda,5412,Yield,"Cassava, fresh",2014,2014,kg/ha,13074.8,E,Estimated value,
QCL,Crops and livestock products,646,Rwanda,5510,Production,"Cassava, fresh",2014,2014,t,900227,A,Official figure,
QCL,Crops and livestock products,646,Rwanda,5412,Yield,"Cassava, fresh",2015,2015,kg/ha,11151.7,E,Estimated value,
QCL,Crops and livestock products,646,Rwanda,5510,Production,"Cassava, fresh",2015,2015,t,924651,A,Official figure,
QCL,Crops and livestock products,646,Rwanda,5412,Yield,"Cassava, fresh",2016,2016,kg/ha,10123.6,E,Estimated value,
QCL,Crops and livestock products,646,Rwanda,5510,Production,"Cassava, fresh",2016,2016,t,930220,A,Official figure,
QCL,Crops and livestock products,646,Rwanda,5412,Yield,"Cassava, fresh",2017,2017,kg/ha,8683.2,E,Estimated value,
QCL,Crops and livestock products,646,Rwanda,5510,Production,"Cassava, fresh",2017,2017,t,1041986.2,A,Official figure,
QCL,Crops and livestock products,646,Rwanda,5412,Yield,"Cassava, fresh",2018,2018,kg/ha,12237.2,A,Official figure,
QCL,Crops and livestock products,646,Rwanda,5510,Production,"Cassava, fresh",2018,2018,t,1127199.78,A,Official figure,
QCL,Crops and livestock products,646,Rwanda,5412,Yield,"Cassava, fresh",2019,2019,kg/ha,14478.4,A,Official figure,
QCL,Crops and livestock products,646,Rwanda,5510,Production,"Cassava, fresh",2019,2019,t,1181825.24,A,Official figure,
QCL,Crops and livestock products,646,Rwanda,5412,Yield,"Cassava, fresh",2020,2020,kg/ha,14595.6,A,Official figure,
QCL,Crops and livestock products,646,Rwanda,5510,Production,"Cassava, fresh",2020,2020,t,1279581.83,A,Official figure,
QCL,Crops and livestock products,646,Rwanda,5412,Yield,"Cassava, fresh",2021,2021,kg/ha,14645.6,A,Official figure,
QCL,Crops and livestock products,646,Rwanda,5510,Production,"Cassava, fresh",2021,2021,t,1319875,A,Official figure,
QCL,Crops and livestock products,646,Rwanda,5412,Yield,"Cassava, fresh",2022,2022,kg/ha,14642.8,A,Official figure,
QCL,Crops and livestock products,646,Rwanda,5510,Production,"Cassava, fresh",2022,2022,t,1375140.11,A,Official figure,
QCL,Crops and livestock products,646,Rwanda,5412,Yield,"Cassava, fresh",2023,2023,kg/ha,14190.1,A,Official figure,
QCL,Crops and livestock products,646,Rwanda,5510,Production,"Cassava, fresh",2023,2023,t,1345379,A,Official figure,
QCL,Crops and livestock products,646,Rwanda,5424,Yield/Carcass Weight,"Meat of chickens, fresh or chilled",2014,2014,g/An,2877,E,Estimated value,
QCL,Crops and livestock products,646,Rwanda,5510,Production,"Meat of chickens, fresh or chilled",2014,2014,t,16304,A,Official figure,
QCL,Crops and livestock products,646,Rwanda,5321,Producing Animals/Slaughtered,"Meat of chickens, fresh or chilled",2014,2014,1000 An,5667,I,Imputed value,
QCL,Crops and livestock products,646,Rwanda,5424,Yield/Carcass Weight,"Meat of chickens, fresh or chilled",2015,2015,g/An,2987,E,Estimated value,
QCL,Crops and livestock products,646,Rwanda,5510,Production,"Meat of chickens, fresh or chilled",2015,2015,t,16629.02,I,Imputed value,
QCL,Crops and livestock products,646,Rwanda,5321,Producing Animals/Slaughtered,"Meat of chickens, fresh or chilled",2015,2015,1000 An,5567,I,Imputed value,
QCL,Crops and livestock products,646,Rwanda,5424,Yield/Carcass Weight,"Meat of chickens, fresh or chilled",2016,2016,g/An,3000,E,Estimated value,
QCL,Crops and livestock products,646,Rwanda,5510,Production,"Meat of chickens, fresh or chilled",2016,2016,t,18067.91,I,Imputed value,
QCL,Crops and livestock products,646,Rwanda,5321,Producing Animals/Slaughtered,"Meat of chickens, fresh or chilled",2016,2016,1000 An,6023,I,Imputed value,
QCL,Crops and livestock products,646,Rwanda,5424,Yield/Carcass Weight,"Meat of chickens, fresh or chilled",2017,2017,g/An,3000,E,Estimated value,
QCL,Crops and livestock products,646,Rwanda,5510,Production,"Meat of chickens, fresh or chilled",2017,2017,t,18215.62,I,Imputed value,
QCL,Crops and livestock products,646,Rwanda,5321,Producing Animals/Slaughtered,"Meat of chickens, fresh or chilled",2017,2017,1000 An,6072,I,Imputed value,
QCL,Crops and livestock products,646,Rwanda,5424,Yield/Carcass Weight,"Meat of chickens, fresh or chilled",2018,2018,g/An,3163,E,Estimated value,
QCL,Crops and livestock products,646,Rwanda,5510,Production,"Meat of chickens, fresh or chilled",2018,2018,t,19707.68,I,Imputed value,
QCL,Crops and livestock products,646,Rwanda,5321,Producing Animals/Slaughtered,"Meat of chickens, fresh or chilled",2018,2018,1000 An,6231,I,Imputed value,
QCL,Crops and livestock products,646,Rwanda,5424,Yield/Carcass Weight,"Meat of chickens, fresh or chilled",2019,2019,g/An,3321,E,Estimated value,
QCL,Crops and livestock products,646,Rwanda,5510,Production,"Meat of chickens, fresh or chilled",2019,2019,t,18894.52,I,Imputed value,
QCL,Crops and livestock products,646,Rwanda,5321,Producing Animals/Slaughtered,"Meat of chickens, fresh or chilled",2019,2019,1000 An,5689,I,Imputed value,
QCL,Crops and livestock products,646,Rwanda,5424,Yield/Carcass Weight,"Meat of chickens, fresh or chilled",2020,2020,g/An,3472,E,Estimated value,
QCL,Crops and livestock products,646,Rwanda,5510,Production,"Meat of chickens, fresh or chilled",2020,2020,t,17323.72,I,Imputed value,
QCL,Crops and livestock products,646,Rwanda,5321,Producing Animals/Slaughtered,"Meat of chickens, fresh or chilled",2020,2020,1000 An,4990,I,Imputed value,
QCL,Crops and livestock products,646,Rwanda,5424,Yield/Carcass Weight,"Meat of chickens, fresh or chilled",2021,2021,g/An,3590,E,Estimated value,
QCL,Crops and livestock products,646,Rwanda,5510,Production,"Meat of chickens, fresh or chilled",2021,2021,t,15958.42,I,Imputed value,
QCL,Crops and livestock products,646,Rwanda,5321,Producing Animals/Slaughtered,"Meat of chickens, fresh or chilled",2021,2021,1000 An,4446,I,Imputed value,
QCL,Crops and livestock products,646,Rwanda,5424,Yield/Carcass Weight,"Meat of chickens, fresh or chilled",2022,2022,g/An,3688,E,Estimated value,
QCL,Crops and livestock products,646,Rwanda,5510,Production,"Meat of chickens, fresh or chilled",2022,2022,t,10872.23,I,Imputed value,
QCL,Crops and livestock products,646,Rwanda,5321,Producing Animals/Slaughtered,"Meat of chickens, fresh or chilled",2022,2022,1000 An,2948,I,Imputed value,
QCL,Crops and livestock products,646,Rwanda,5424,Yield/Carcass Weight,"Meat of chickens, fresh or chilled",2023,2023,g/An,3054,E,Estimated value,
QCL,Crops and livestock products,646,Rwanda,5510,Production,"Meat of chickens, fresh or chilled",2023,2023,t,11350.61,E,Estimated value,
QCL,Crops and livestock products,646,Rwanda,5321,Producing Animals/Slaughtered,"Meat of chickens, fresh or chilled",2023,2023,1000 An,3716,I,Imputed value,
QCL,Crops and livestock products,646,Rwanda,5412,Yield,Rice,2014,2014,kg/ha,3059.4,A,Official figure,
QCL,Crops and livestock products,646,Rwanda,5510,Production,Rice,2014,2014,t,72723,A,Official figure,
QCL,Crops and livestock products,646,Rwanda,5412,Yield,Rice,2015,2015,kg/ha,3225.9,A,Official figure,
QCL,Crops and livestock products,646,Rwanda,5510,Production,Rice,2015,2015,t,97435,A,Official figure,
QCL,Crops and livestock products,646,Rwanda,5412,Yield,Rice,2016,2016,kg/ha,3306.7,A,Official figure,
QCL,Crops and livestock products,646,Rwanda,5510,Production,Rice,2016,2016,t,110544.42,A,Official figure,
QCL,Crops and livestock products,646,Rwanda,5412,Yield,Rice,2017,2017,kg/ha,3449.9,A,Official figure,
QCL,Crops and livestock products,646,Rwanda,5510,Production,Rice,2017,2017,t,108958.15,A,Official figure,
QCL,Crops and livestock products,646,Rwanda,5412,Yield,Rice,2018,2018,kg/ha,3474.1,A,Official figure,
QCL,Crops and livestock products,646,Rwanda,5510,Production,Rice,2018,2018,t,113880.46,A,Official figure,
QCL,Crops and livestock products,646,Rwanda,5412,Yield,Rice,2019,2019,kg/ha,3999.8,A,Official figure,
QCL,Crops and livestock products,646,Rwanda,5510,Production,Rice,2019,2019,t,131576.89,A,Official figure,
QCL,Crops and livestock products,646,Rwanda,5412,Yield,Rice,2020,2020,kg/ha,3938.1,A,Official figure,
QCL,Crops and livestock products,646,Rwanda,5510,Production,Rice,2020,2020,t,116504.47,A,Official figure,
QCL,Crops and livestock products,646,Rwanda,5412,Yield,Rice,2021,2021,kg/ha,4159.6,A,Official figure,
QCL,Crops and livestock products,646,Rwanda,5510,Production,Rice,2021,2021,t,131758,A,Official figure,
QCL,Crops and livestock products,646,Rwanda,5412,Yield,Rice,2022,2022,kg/ha,4187.9,A,Official figure,
QCL,Crops and livestock products,646,Rwanda,5510,Production,Rice,2022,2022,t,135074.74,A,Official figure,
QCL,Crops and livestock products,646,Rwanda,5412,Yield,Rice,2023,2023,kg/ha,4089.8,A,Official figure,
QCL,Crops and livestock products,646,Rwanda,5510,Production,Rice,2023,2023,t,133628.01,A,Official figure,
QCL,Crops and livestock products,894,Zambia,5412,Yield,"Cassava, fresh",2014,2014,kg/ha,18389.9,E,Estimated value,
QCL,Crops and livestock products,894,Zambia,5510,Production,"Cassava, fresh",2014,2014,t,919497,A,Official figure,
QCL,Crops and livestock products,894,Zambia,5412,Yield,"Cassava, fresh",2015,2015,kg/ha,23819.2,E,Estimated value,
QCL,Crops and livestock products,894,Zambia,5510,Production,"Cassava, fresh",2015,2015,t,952770,A,Official figure,
QCL,Crops and livestock products,894,Zambia,5412,Yield,"Cassava, fresh",2016,2016,kg/ha,26794.1,E,Estimated value,
QCL,Crops and livestock products,894,Zambia,5510,Production,"Cassava, fresh",2016,2016,t,2222843.65,I,Imputed value,
QCL,Crops and livestock products,894,Zambia,5412,Yield,"Cassava, fresh",2017,2017,kg/ha,34346.3,A,Official figure,
QCL,Crops and livestock products,894,Zambia,5510,Production,"Cassava, fresh",2017,2017,t,3695182,A,Official figure,
QCL,Crops and livestock products,894,Zambia,5412,Yield,"Cassava, fresh",2018,2018,kg/ha,34849.1,A,Official figure,
QCL,Crops and livestock products,894,Zambia,5510,Production,"Cassava, fresh",2018,2018,t,4102300,A,Official figure,
QCL,Crops and livestock products,894,Zambia,5412,Yield,"Cassava, fresh",2019,2019,kg/ha,31816.9,A,Official figure,
QCL,Crops and livestock products,894,Zambia,5510,Production,"Cassava, fresh",2019,2019,t,4036584,A,Official figure,
QCL,Crops and livestock products,894,Zambia,5412,Yield,"Cassava, fresh",2020,2020,kg/ha,32644.6,E,Estimated value,
QCL,Crops and livestock products,894,Zambia,5510,Production,"Cassava, fresh",2020,2020,t,3915039.24,I,Imputed value,
QCL,Crops and livestock products,894,Zambia,5412,Yield,"Cassava, fresh",2021,2021,kg/ha,35538,A,Official figure,
QCL,Crops and livestock products,894,Zambia,5510,Production,"Cassava, fresh",2021,2021,t,3800152.73,A,Official figure,
QCL,Crops and livestock products,894,Zambia,5412,Yield,"Cassava, fresh",2022,2022,kg/ha,11700,A,Official figure,
QCL,Crops and livestock products,894,Zambia,5510,Production,"Cassava, fresh",2022,2022,t,3497600.74,A,Official figure,
QCL,Crops and livestock products,894,Zambia,5412,Yield,"Cassava, fresh",2023,2023,kg/ha,11700,A,Official figure,
QCL,Crops and livestock products,894,Zambia,5510,Production,"Cassava, fresh",2023,2023,t,4450019.36,A,Official figure,
QCL,Crops and livestock products,894,Zambia,5424,Yield/Carcass Weight,"Meat of chickens, fresh or chilled",2014,2014,g/An,1000,E,Estimated value,
QCL,Crops and livestock products,894,Zambia,5510,Production,"Meat of chickens, fresh or chilled",2014,2014,t,46127.72,I,Imputed value,
QCL,Crops and livestock products,894,Zambia,5321,Producing Animals/Slaughtered,"Meat of chickens, fresh or chilled",2014,2014,1000 An,46128,I,Imputed value,
QCL,Crops and livestock products,894,Zambia,5424,Yield/Carcass Weight,"Meat of chickens, fresh or chilled",2015,2015,g/An,1000,E,Estimated value,
QCL,Crops and livestock products,894,Zambia,5510,Production,"Meat of chickens, fresh or chilled",2015,2015,t,46467.81,I,Imputed value,
QCL,Crops and livestock products,894,Zambia,5321,Producing Animals/Slaughtered,"Meat of chickens, fresh or chilled",2015,2015,1000 An,46468,I,Imputed value,
QCL,Crops and livestock products,894,Zambia,5424,Yield/Carcass Weight,"Meat of chickens, fresh or chilled",2016,2016,g/An,1000,E,Estimated value,
QCL,Crops and livestock products,894,Zambia,5510,Production,"Meat of chickens, fresh or chilled",2016,2016,t,46772.27,I,Imputed value,
QCL,Crops and livestock products,894,Zambia,5321,Producing Animals/Slaughtered,"Meat of chickens, fresh or chilled",2016,2016,1000 An,46772,I,Imputed value,
QCL,Crops and livestock products,894,Zambia,5424,Yield/Carcass Weight,"Meat of chickens, fresh or chilled",2017,2017,g/An,1000,E,Estimated value,
QCL,Crops and livestock products,894,Zambia,5510,Production,"Meat of chickens, fresh or chilled",2017,2017,t,47420.58,I,Imputed value,
QCL,Crops and livestock products,894,Zambia,5321,Producing Animals/Slaughtered,"Meat of chickens, fresh or chilled",2017,2017,1000 An,47421,I,Imputed value,
QCL,Crops and livestock products,894,Zambia,5424,Yield/Carcass Weight,"Meat of chickens, fresh or chilled",2018,2018,g/An,1000,E,Estimated value,
QCL,Crops and livestock products,894,Zambia,5510,Production,"Meat of chickens, fresh or chilled",2018,2018,t,47920.93,I,Imputed value,
QCL,Crops and livestock products,894,Zambia,5321,Producing Animals/Slaughtered,"Meat of chickens, fresh or chilled",2018,2018,1000 An,47921,I,Imputed value,
QCL,Crops and livestock products,894,Zambia,5424,Yield/Carcass Weight,"Meat of chickens, fresh or chilled",2019,2019,g/An,1000,E,Estimated value,
QCL,Crops and livestock products,894,Zambia,5510,Production,"Meat of chickens, fresh or chilled",2019,2019,t,48489.37,I,Imputed value,
QCL,Crops and livestock products,894,Zambia,5321,Producing Animals/Slaughtered,"Meat of chickens, fresh or chilled",2019,2019,1000 An,48489,I,Imputed value,
QCL,Crops and livestock products,894,Zambia,5424,Yield/Carcass Weight,"Meat of chickens, fresh or chilled",2020,2020,g/An,1000,E,Estimated value,
QCL,Crops and livestock products,894,Zambia,5510,Production,"Meat of chickens, fresh or chilled",2020,2020,t,49674.37,I,Imputed value,
QCL,Crops and livestock products,894,Zambia,5321,Producing Animals/Slaughtered,"Meat of chickens, fresh or chilled",2020,2020,1000 An,49674,I,Imputed value,
QCL,Crops and livestock products,894,Zambia,5424,Yield/Carcass Weight,"Meat of chickens, fresh or chilled",2021,2021,g/An,1027,E,Estimated value,
QCL,Crops and livestock products,894,Zambia,5510,Production,"Meat of chickens, fresh or chilled",2021,2021,t,50010.78,I,Imputed value,
QCL,Crops and livestock products,894,Zambia,5321,Producing Animals/Slaughtered,"Meat of chickens, fresh or chilled",2021,2021,1000 An,48703,E,Estimated value,
QCL,Crops and livestock products,894,Zambia,5424,Yield/Carcass Weight,"Meat of chickens, fresh or chilled",2022,2022,g/An,1024,E,Estimated value,
QCL,Crops and livestock products,894,Zambia,5510,Production,"Meat of chickens, fresh or chilled",2022,2022,t,50503.64,I,Imputed value,
QCL,Crops and livestock products,894,Zambia,5321,Producing Animals/Slaughtered,"Meat of chickens, fresh or chilled",2022,2022,1000 An,49320,E,Estimated value,
QCL,Crops and livestock products,894,Zambia,5424,Yield/Carcass Weight,"Meat of chickens, fresh or chilled",2023,2023,g/An,1021,E,Estimated value,
QCL,Crops and livestock products,894,Zambia,5510,Production,"Meat of chickens, fresh or chilled",2023,2023,t,50992.14,I,Imputed value,
QCL,Crops and livestock products,894,Zambia,5321,Producing Animals/Slaughtered,"Meat of chickens, fresh or chilled",2023,2023,1000 An,49934,E,Estimated value,
QCL,Crops and livestock products,894,Zambia,5412,Yield,Rice,2014,2014,kg/ha,1494.9,A,Official figure,
QCL,Crops and livestock products,894,Zambia,5510,Production,Rice,2014,2014,t,49640,A,Official figure,
QCL,Crops and livestock products,894,Zambia,5412,Yield,Rice,2015,2015,kg/ha,1424.8,A,Official figure,
QCL,Crops and livestock products,894,Zambia,5510,Production,Rice,2015,2015,t,25514,A,Official figure,
QCL,Crops and livestock products,894,Zambia,5412,Yield,Rice,2016,2016,kg/ha,1207.7,A,Official figure,
QCL,Crops and livestock products,894,Zambia,5510,Production,Rice,2016,2016,t,26675,A,Official figure,
QCL,Crops and livestock products,894,Zambia,5412,Yield,Rice,2017,2017,kg/ha,1299.2,A,Official figure,
QCL,Crops and livestock products,894,Zambia,5510,Production,Rice,2017,2017,t,38422.9,A,Official figure,
QCL,Crops and livestock products,894,Zambia,5412,Yield,Rice,2018,2018,kg/ha,1421.4,A,Official figure,
QCL,Crops and livestock products,894,Zambia,5510,Production,Rice,2018,2018,t,43063.11,A,Official figure,
QCL,Crops and livestock products,894,Zambia,5412,Yield,Rice,2019,2019,kg/ha,1203.8,A,Official figure,
QCL,Crops and livestock products,894,Zambia,5510,Production,Rice,2019,2019,t,29584.32,A,Official figure,
QCL,Crops and livestock products,894,Zambia,5412,Yield,Rice,2020,2020,kg/ha,1398.9,A,Official figure,
QCL,Crops and livestock products,894,Zambia,5510,Production,Rice,2020,2020,t,34629.66,A,Official figure,
QCL,Crops and livestock products,894,Zambia,5412,Yield,Rice,2021,2021,kg/ha,1489.3,A,Official figure,
QCL,Crops and livestock products,894,Zambia,5510,Production,Rice,2021,2021,t,65875.83,A,Official figure,
QCL,Crops and livestock products,894,Zambia,5412,Yield,Rice,2022,2022,kg/ha,1573.5,A,Official figure,
QCL,Crops and livestock products,894,Zambia,5510,Production,Rice,2022,2022,t,62279.91,A,Official figure,
QCL,Crops and livestock products,894,Zambia,5412,Yield,Rice,2023,2023,kg/ha,1268.5,A,Official figure,
QCL,Crops and livestock products,894,Zambia,5510,Production,Rice,2023,2023,t,62679.81,A,Official figure,
